Aduan,Label
sulit temu materi ajar perlu kelas pustaka milik toko buku jual habis,Prasarana
benar sulit salah kelas bantu peduli sukses,Kesiswaan
benar sulit paham instruksi tugas,Kurikulum
sistem nilai adil konsisten guru pilih kasih sempat adil orang,Kesiswaan
harap guru umpan tugas laku salah kembang kritik bangun,Kurikulum
kualitas ajar kursus buruk guru peduli materi siswa giat ajar laku,Kurikulum
guru peduli hasil mata ajar dukung baik,Kurikulum
buku tinggal zaman informasi didik bayar,Kesiswaan
guru komunikasi sebab bingung,Kurikulum
sistem nilai mustahil nilai a enggan coba baik,Kurikulum
kecewa kualitas didik terima,Kurikulum
buku bantu,Prasarana
takut bantu guru hambat proses ajar,Kesiswaan
alami orang bantu pecah frustasi,Kesiswaan
siswa pindah rugi tinggal teman - teman,Kesiswaan
ambil putus akademis,Kurikulum
sulit cari akses materi ajar sulit hasil kelas,Prasarana
dukung perlu guru,Kesiswaan
materi sepenuh paham,Kurikulum
sulit imbang giat ekstrakurikuler tugas guru kali stres kewalahan,Kesiswaan
tidur lelah nyata akhir tugas pengaruh mampu fokus motivasi,Kesiswaan
hadap stres cemas akhir sulit tugas sekolah,Kurikulum
sehat mental faktor utama prestasi akademik benar prioritas mental,Kesiswaan
pandai atur kali sulit imbang ekstrakulikuler akademis,Kesiswaan
akhir lelah letih sulit motivasi ajar,Kesiswaan
stres cemas hidup sekolah pengaruh alami sulit fokus tugas,Kurikulum
materi ajar susah banget kali paham sepenuh,Kurikulum
pandai atur pengaruh nilai,Kurikulum
dapat juang sulit materi ajar usaha atur efektif sebab stres cemas dampak buruk sehat mental,Kesiswaan
sulit selesai tugas tugas,Kurikulum
batas fasilitas olahraga sulit ikut sesi latih,Prasarana
kecewa ketidaksetaraan gender program olahraga tim putri dana aku tim putra,Kesiswaan
fasilitas olahraga batas tunggu alat perlu latih,Prasarana
syarat masuk ekstrakulikuler atletik ketat halang siswa partisipasi,Kesiswaan
alami cedera hubung olahraga ambil cuti latih dukung sekolah,Kesiswaan
budaya tim ekstrakulikuler terima tim,Kesiswaan
fasilitas atletik pelihara seringkali kotor penuh sesak,Prasarana
kurang pilih program olah raga atletik sekolah kecewa variasi bantu siswa temu aktivitas suka suka,Prasarana
sekolah tawar ekstrakulikuler penuh agam minat mampu siswa,Prasarana
sekolah tawar program kembang bantu siswa dunia kerja,Prasarana
sekolah ada sesi latih bantu siswa tingkat terampil cari kerja,Kesiswaan
biaya buku ajar materi ajar mahal sulit biaya didik,Prasarana
harap program sedia bantu siswa uang,Prasarana
proses bantu uang lambat butuh uang bayar uang sekolah,Prasarana
harap beasiswa sedia,Prasarana
beasiswa sasar siswa butuh,Prasarana
bijak sekolah putar bantu uang beasiswa bingung adil,Kesiswaan
biaya buku teks materi ajar sulit beli perlu kelas,Kesiswaan
sulit partisipasi diskusi kelas percaya mampu frustrasi kontribusi hambat kurang mampu terampil,Kesiswaan
harap sistem dukung ajar sulit sesuai,Prasarana
alam negatif siswa sabar remeh kecewa percaya,Kesiswaan
harap sekolah bantu ajar sulit komunikasi interaksi teman - teman,Kesiswaan
sulit komunikasi siswa frustrasi kecil hati,Kesiswaan
apresiasi upaya teman ajak gabung gaul terkadang tau komunikasi,Kesiswaan
kadang latar budaya halang teman sesuai siswa,Kesiswaan
kadang anggap serius ide harga aksen ekspresi hati terima,Kesiswaan
terkadang isolasi sepi teman siswa sulit gabung cakap teman bicara minat,Kesiswaan
partisipasi penuh diskusi kelas proyek kelompok,Kesiswaan
sulit teman kali milik minat alam beda,Kesiswaan
andal transportasi sekolah bus lambat buat frustasi sulit rencana hari,Prasarana
akhir lelah turut istirahat senang kelas harap acara giat sosial sekolah,Prasarana
tarik ajar dunia seni tau ajar mana bagus sekolah ekstrakulikuler seni temu hal ajar seni siswa,Kurikulum
makan sedia sekolah minyak sehat sekolah fokus bijak jual jajan gizi,Prasarana
suka variasi makan ringan sedia koperasi sekolah harga mahal bagus sekolah tawar pilih jangkau,Prasarana
makan sedia sekolah repetitif harap pilih menu gilir,Prasarana
apresiasi koperasi pangan sekolah harga mahal banyak siswa bel,Prasarana
pilih makan jajan sekolah batas gugah selera harap sedia pilih makan sehat,Prasarana
harap pilih makan ringan minum jangkau sekolah,Prasarana
sekolah pilih makan siswa ikut kelas pagi butuh sarap,Prasarana
harga koperasi sekolah kualitas makan,Prasarana
pilih jajan koperasi batas,Prasarana
kantin tawar pilih orang alergi makan,Prasarana
staf kantin kasar bantu,Kesiswaan
ruang makan ramai antre,Prasarana
ruang makan kotor sehat,Prasarana
aman ruang makan,Prasarana
temu makan penuh butuh diet,Prasarana
makan beli,Prasarana
temu makan suka,Prasarana
temu makan sehat gizi,Prasarana
temu makan masak sesuai,Prasarana
aksi bully teman - teman pengaruh motivasi ajar,Kesiswaan
kurang peduli guru aksi bully,Kesiswaan
ajar interaktif text book siswa cepat bosan,Kurikulum
minat siswa ikut pramuka kurang tolong jadi ekstrakurikuler wajib,Kurikulum
serta didik sopan ting laku guru teman alangkah baik guru ajar budi pekerti,Kurikulum
sarana olahraga sekolah batas mohon tambah,Prasarana
bina sikap disiplin ketat,Kurikulum
lingkung sekolah tata hijau nyaman,Prasarana
metode ajar interaktif bantu siswa paham materi,Kurikulum
giat motivasi siswa ajar giat,Kurikulum
ruang kelas baik meja kursi rusak,Prasarana
tingkat awas uji cegah curang,Kurikulum
sarana bersih sekolah tingkat sampah sudut,Prasarana
ajar matematika serta latih,Kurikulum
siswa ajar kewirausahaan,Kurikulum
jadwal ajar padat siswa lelah evaluasi,Kesiswaan
kurang bimbing konseling siswa milik pribadi,Kesiswaan
papan tulis kali mohon ganti,Prasarana
ekstrakurikuler olahraga fasilitas pada,Prasarana
guru umpan tugas,Kurikulum
giat diskusi kelas siswa aktif,Kurikulum
